Country Name,Country Code,Series Name,Series Code,2010 [YR2010],2011 [YR2011],2012 [YR2012],2013 [YR2013],2014 [YR2014],2015 [YR2015],2016 [YR2016],2017 [YR2017],2018 [YR2018],2019 [YR2019],2020 [YR2020],2021 [YR2021],2022 [YR2022],2023 [YR2023]
Afghanistan,AFG,Government Effectiveness - Governance score (0-100),GOV_WGI_GE.SC,20.5072949,20.1457819,22.1784637,22.155125,21.6960634,22.7349885,23.7741041,23.2985617,19.6224247,19.1785042,17.960381,18.1708567,13.1405332,10.6546599
Albania,ALB,Government Effectiveness - Governance score (0-100),GOV_WGI_GE.SC,45.5763318,46.4976012,44.742022,44.410272,52.8982848,54.9095937,55.1796244,56.3191004,56.5605037,51.85865,51.704282,53.5111467,55.0925288,57.0459179
Algeria,DZA,Government Effectiveness - Governance score (0-100),GOV_WGI_GE.SC,39.6206596,37.2941554,38.5167643,40.6276868,45.2110876,44.4268928,43.0877306,41.1681878,45.716986,45.1981709,46.1037431,42.3162152,46.1462983,44.4269433
American Samoa,ASM,Government Effectiveness - Governance score (0-100),GOV_WGI_GE.SC,55.9462322,55.9198894,55.9265237,55.9339338,66.2726692,66.2174152,66.236622,66.2428596,66.2771005,66.3104743,66.2151577,66.2717223,66.2632058,66.2931807
Andorra,AND,Government Effectiveness - Governance score (0-100),GOV_WGI_GE.SC,76.0244169,75.9980761,76.0047104,76.0121205,86.350854,86.2956019,86.3148087,86.3210444,86.3552853,86.388661,86.2933425,86.3499091,73.8781316,73.9008966
Angola,AGO,Government Effectiveness - Governance score (0-100),GOV_WGI_GE.SC,32.8394682,31.706399,31.523145,31.3397218,33.062878,33.1054157,32.8806234,32.5164175,32.3152788,33.6134335,31.5783465,33.1661374,35.1519358,35.2271686
Anguilla,AIA,Government Effectiveness - Governance score (0-100),GOV_WGI_GE.SC,86.0635103,86.0371676,86.0438038,86.051212,79.658129,79.6028749,79.6220817,66.2428596,66.2771005,66.3104743,66.2151577,66.2717223,72.9559309,72.9859058
Antigua and Barbuda,ATG,Government Effectiveness - Governance score (0-100),GOV_WGI_GE.SC,65.9853236,65.9589828,65.9656171,65.9730272,52.8872095,59.5246902,59.543897,46.1646729,46.1989138,46.2322895,39.444246,39.5008106,49.5362212,59.7249052
Argentina,ARG,Government Effectiveness - Governance score (0-100),GOV_WGI_GE.SC,51.4811813,52.7352059,51.3675738,51.0243674,54.804979,53.6485129,58.0051769,57.0891516,56.3521358,56.4534275,54.2362181,53.5291966,53.451823,52.5357627
Armenia,ARM,Government Effectiveness - Governance score (0-100),GOV_WGI_GE.SC,48.5546988,51.1194758,51.9498386,52.6967611,48.7616298,48.5715237,49.2870403,51.1345469,47.9754653,46.417589,44.7767568,44.4308943,44.9105336,48.1625284
Aruba,ABW,Government Effectiveness - Governance score (0-100),GOV_WGI_GE.SC,70.8310747,70.8150237,70.8190661,70.823581,64.8884981,64.8548269,64.8665322,64.8703335,68.9696501,68.9899885,68.9319034,68.9663738,70.9492691,64.1272277
Australia,AUS,Government Effectiveness - Governance score (0-100),GOV_WGI_GE.SC,84.6485281,84.4677746,84.4838431,82.8811134,86.2376023,83.9328327,82.934005,83.3122495,84.8771645,83.7468389,82.5570088,84.4436776,85.7080678,85.9860939
Austria,AUT,Government Effectiveness - Governance score (0-100),GOV_WGI_GE.SC,85.3867651,81.7606984,80.9035185,81.9429919,84.2574778,82.4687154,83.5831747,82.719903,82.5356457,85.421111,88.4396396,86.6567707,85.1211403,82.0436925
Azerbaijan,AZE,Government Effectiveness - Governance score (0-100),GOV_WGI_GE.SC,34.6235951,35.8656752,35.6234046,39.5491523,43.0677538,44.4626386,48.8845413,48.7051372,48.3097216,50.2593949,50.2315219,50.2323191,50.2836338,52.6166207
"Bahamas, The",BHS,Government Effectiveness - Governance score (0-100),GOV_WGI_GE.SC,70.3576945,70.3455692,70.3486239,70.3520344,65.8683095,65.8428728,65.8517159,65.8545859,65.8703491,65.8857138,62.7607215,62.7867628,65.1327908,65.1448344
Bahrain,BHR,Government Effectiveness - Governance score (0-100),GOV_WGI_GE.SC,59.1084209,59.7662121,57.8638325,58.3192076,59.6177453,60.0496495,59.5585616,59.5605585,59.4713513,59.8219367,59.5184622,65.3073437,65.5298844,65.5836257
Bangladesh,BGD,Government Effectiveness - Governance score (0-100),GOV_WGI_GE.SC,35.6476611,35.060823,35.8085681,36.2926406,38.018204,38.610465,40.9618614,40.1951079,39.2969731,39.7312669,37.3141497,40.3760073,39.2181042,40.5013434
Barbados,BRB,Government Effectiveness - Governance score (0-100),GOV_WGI_GE.SC,75.124993,76.15042,76.4337875,74.8551722,73.9918285,73.9657327,70.3579881,70.3609339,70.3771055,66.4876637,63.2123108,64.223219,65.0933078,63.1085653
Belarus,BLR,Government Effectiveness - Governance score (0-100),GOV_WGI_GE.SC,30.823205,30.5863126,30.45526,31.842233,42.0231841,44.8438484,44.9504697,47.4233446,46.8691706,46.6988759,39.3477492,38.0691396,39.7338355,39.7439464
Belgium,BEL,Government Effectiveness - Governance score (0-100),GOV_WGI_GE.SC,83.601141,86.262061,86.366277,86.6440446,81.4454661,81.0024536,77.6297152,73.7080936,75.2725459,73.128901,74.0821421,75.2230161,76.8196093,73.9850756
Belize,BLZ,Government Effectiveness - Governance score (0-100),GOV_WGI_GE.SC,45.9600421,46.123053,46.125709,46.1286742,42.843992,43.6770108,43.3169037,43.3199875,43.6589881,44.0054261,43.9561997,43.9854124,48.5929432,50.0916047
Benin,BEN,Government Effectiveness - Governance score (0-100),GOV_WGI_GE.SC,41.965764,42.6538004,41.5909397,41.2327711,42.6469716,40.8204781,41.7194491,42.2673155,44.2934018,45.2472224,47.6695739,47.4149409,47.1616961,47.1334148
Bermuda,BMU,Government Effectiveness - Governance score (0-100),GOV_WGI_GE.SC,65.9853236,65.9589828,65.9656171,65.9730272,79.658129,79.6028749,79.6220817,79.6283194,79.6625603,79.695934,79.6006175,79.6571821,74.9510215,80.0567528
Bhutan,BTN,Government Effectiveness - Governance score (0-100),GOV_WGI_GE.SC,59.7610769,60.5021391,61.3969587,63.7814722,59.5033367,58.4359592,59.9085054,60.7370501,61.8106419,60.7638148,60.7464143,62.936546,61.7391132,61.7489169
Bolivia,BOL,Government Effectiveness - Governance score (0-100),GOV_WGI_GE.SC,45.3984074,46.1441847,46.5251981,48.176534,43.8181258,42.9388516,44.8708347,45.2529642,44.2577026,42.4377306,42.1659752,42.0373238,42.9101056,43.3803612
Bosnia and Herzegovina,BIH,Government Effectiveness - Governance score (0-100),GOV_WGI_GE.SC,37.5624712,37.1032657,39.8385143,40.8764808,46.7141784,42.3437382,43.2921786,42.188083,38.3790948,35.9073884,37.6300761,35.000461,36.8357723,38.7918855
Botswana,BWA,Government Effectiveness - Governance score (0-100),GOV_WGI_GE.SC,61.6696456,61.9017624,62.0834707,61.9897019,61.4141667,62.4125588,61.7655901,59.4217418,58.0832291,59.1830198,57.3754551,59.1679235,60.2725227,61.8596214
Brazil,BRA,Government Effectiveness - Governance score (0-100),GOV_WGI_GE.SC,51.1910415,50.6454423,51.2325195,54.0327461,50.9451174,49.360564,49.3855865,49.2990606,47.3268322,52.1733223,49.6410809,50.0063582,46.7668678,46.1562672
Brunei Darussalam,BRN,Government Effectiveness - Governance score (0-100),GOV_WGI_GE.SC,65.8004304,65.7777081,65.8823655,67.044453,73.4752106,73.4543492,70.3112194,71.0459331,71.1784033,72.2837064,72.2477155,72.2690747,70.4919322,70.502043
Bulgaria,BGR,Government Effectiveness - Governance score (0-100),GOV_WGI_GE.SC,45.5887877,45.8854626,47.4089366,48.3607447,48.3403771,49.2069931,50.0007097,50.3792401,50.8647631,52.0393472,50.217808,51.0525709,49.9067134,53.4045993
Burkina Faso,BFA,Government Effectiveness - Governance score (0-100),GOV_WGI_GE.SC,41.2608152,41.0743898,39.3018866,39.1840753,40.398786,38.6413732,41.133628,41.4057995,41.9626977,39.1372366,39.0734329,36.8265306,34.3967942,34.5353814
Burundi,BDI,Government Effectiveness - Governance score (0-100),GOV_WGI_GE.SC,27.9955953,28.7632802,28.2619278,33.8934702,34.3112483,33.341087,30.4939438,33.4177917,31.3256171,32.3510733,30.0796307,29.4808443,28.3771978,29.7912739
Cabo Verde,CPV,Government Effectiveness - Governance score (0-100),GOV_WGI_GE.SC,53.4369716,53.8897665,53.5134878,52.782447,55.0804735,57.626596,56.9759272,57.5511532,58.0567541,58.8059906,59.0207517,56.7353988,58.340561,58.3728361
Cambodia,KHM,Government Effectiveness - Governance score (0-100),GOV_WGI_GE.SC,35.5107518,36.7995151,37.7112141,35.5071527,39.7105804,39.871538,40.2121214,42.2538135,41.9076886,41.32227,39.8596888,38.8301377,42.3466179,43.2504809
Cameroon,CMR,Government Effectiveness - Governance score (0-100),GOV_WGI_GE.SC,35.4148073,34.9653023,35.1510433,35.8814248,40.1575498,39.1544678,39.4310532,39.1860216,38.1570168,36.9914062,35.2575226,36.0242139,36.0896547,36.1993871
Canada,CAN,Government Effectiveness - Governance score (0-100),GOV_WGI_GE.SC,86.3553689,87.4317529,88.9811361,87.3705121,88.5534493,87.8298556,87.6329908,89.2743247,87.0103408,87.3026719,84.157378,84.0612449,86.4805807,85.2754831
Cayman Islands,CYM,Government Effectiveness - Governance score (0-100),GOV_WGI_GE.SC,70.8310747,70.8150237,70.8190661,70.823581,73.0454064,73.0117371,73.0234405,73.0272418,73.0481072,73.0684456,68.9319034,73.0448309,74.3679478,74.38326
Central African Republic,CAF,Government Effectiveness - Governance score (0-100),GOV_WGI_GE.SC,23.9356081,24.037452,23.6371891,21.8104992,19.7449007,19.8810905,20.9741186,20.9503735,21.5152476,20.5863718,19.9905214,20.6664461,20.4182821,20.7985021
Chad,TCD,Government Effectiveness - Governance score (0-100),GOV_WGI_GE.SC,26.123387,27.3543374,25.7021537,26.9706388,27.0068202,27.3784654,28.2551905,29.9436956,28.4343341,26.7968754,27.4402352,27.220965,28.4854174,27.707048
Chile,CHL,Government Effectiveness - Governance score (0-100),GOV_WGI_GE.SC,73.8059826,75.4676122,76.3044361,75.1706397,72.7752143,71.7692468,70.2689929,70.0470996,71.4772443,71.6978367,68.3104978,68.2520802,68.3609589,70.7252118
China,CHN,Government Effectiveness - Governance score (0-100),GOV_WGI_GE.SC,48.8715196,49.3150533,48.7736773,48.5983195,60.8608268,61.716004,61.9022563,62.5939326,61.6672656,64.3807019,62.3749054,64.3085821,61.6310064,66.4607065
Colombia,COL,Government Effectiveness - Governance score (0-100),GOV_WGI_GE.SC,48.4497477,50.308668,49.2991597,50.389734,47.3102698,48.7347465,49.1031212,48.4448128,49.1252583,49.905261,49.7272276,50.7221373,51.3712487,50.521407
Comoros,COM,Government Effectiveness - Governance score (0-100),GOV_WGI_GE.SC,19.6364633,18.3457187,20.4194254,21.6300548,25.6459333,23.9131853,25.0229682,26.1499223,25.801886,25.2242139,24.6076926,21.1626478,24.5701015,27.0562994
"Congo, Dem. Rep.",COD,Government Effectiveness - Governance score (0-100),GOV_WGI_GE.SC,18.7197886,19.4759277,20.7485057,24.7191457,24.1015706,22.7050622,24.4177362,22.9749957,21.8032194,20.6527595,18.6573441,18.1892974,17.6222884,19.1032577
"Congo, Rep.",COG,Government Effectiveness - Governance score (0-100),GOV_WGI_GE.SC,29.6078546,29.8896101,30.9720606,29.7639123,33.2695369,35.1011694,35.5456286,34.452266,32.3426501,33.0230392,28.522118,28.2100045,29.3419712,28.6504582
Cook Islands,COK,Government Effectiveness - Governance score (0-100),GOV_WGI_GE.SC,41.780233,42.2585812,36.0104923,36.0262031,36.6615286,36.5443784,..,..,..,..,..,..,51.9664457,52.0983889
Costa Rica,CRI,Government Effectiveness - Governance score (0-100),GOV_WGI_GE.SC,59.1700876,58.4202309,59.7703284,57.9180366,58.4756853,58.3338139,57.4755918,57.8331129,58.2016549,57.2585713,55.7310024,56.619285,53.6977704,57.8366245
Cote d'Ivoire,CIV,Government Effectiveness - Governance score (0-100),GOV_WGI_GE.SC,27.0081055,27.8419914,30.6005962,33.3779839,37.3050032,39.6748365,39.4727587,39.7545161,41.464396,41.8297433,41.8599477,41.6068526,44.4409236,45.1473715
Croatia,HRV,Government Effectiveness - Governance score (0-100),GOV_WGI_GE.SC,56.9187831,56.0184181,59.1426463,59.4215338,59.6165223,56.3326237,56.492053,59.1971848,60.9216088,59.489619,61.1725164,66.0362591,65.266939,65.8990155
Cuba,CUB,Government Effectiveness - Governance score (0-100),GOV_WGI_GE.SC,39.7525017,39.7425542,42.1090936,42.1116116,51.3083356,51.2895644,50.658147,50.0984373,47.2258128,49.2365733,49.2032171,49.4420441,51.7255071,51.3036807
Cyprus,CYP,Government Effectiveness - Governance score (0-100),GOV_WGI_GE.SC,80.0872935,80.4883167,80.215801,79.967882,73.0995288,72.2822422,71.7249844,73.013106,68.0766854,70.7350252,70.8350822,68.0623357,69.8303144,69.4521321
Czechia,CZE,Government Effectiveness - Governance score (0-100),GOV_WGI_GE.SC,65.2210394,65.761941,65.507341,64.8149452,68.8746252,69.4313931,70.9387577,71.3371618,71.2863312,70.2287496,72.4487589,72.7485643,74.5789641,75.3620856
Denmark,DNK,Government Effectiveness - Governance score (0-100),GOV_WGI_GE.SC,88.674883,91.0587374,89.5815207,89.431129,86.5250025,86.2304917,87.0248227,86.8339582,88.6832634,89.1490916,90.227523,93.9328863,92.1406221,89.37227
Djibouti,DJI,Government Effectiveness - Governance score (0-100),GOV_WGI_GE.SC,37.1610864,37.2413182,36.3886921,37.3089426,37.9137352,36.7102806,37.479315,36.1890273,36.329487,38.6444045,38.2156211,38.7465615,40.4871979,40.9149061
Dominica,DMA,Government Effectiveness - Governance score (0-100),GOV_WGI_GE.SC,64.7178574,63.2706778,63.2755427,63.2809773,53.6844921,53.6439727,52.2301999,42.418553,42.443663,42.4681391,43.8260959,43.8675777,50.9083643,58.8922909
Dominican Republic,DOM,Government Effectiveness - Governance score (0-100),GOV_WGI_GE.SC,37.5182672,38.2440211,41.6009825,43.2203855,49.1620833,45.4478652,46.6104504,45.2306502,44.4024905,45.5172726,44.3335692,48.4209842,48.9863657,52.2308591
Ecuador,ECU,Government Effectiveness - Governance score (0-100),GOV_WGI_GE.SC,41.9319742,45.486693,45.6624591,47.7255844,49.24823,47.5719747,48.3617013,48.5679071,47.1982412,47.5431334,44.6613118,49.1871136,51.3720731,48.1801661
"Egypt, Arab Rep.",EGY,Government Effectiveness - Governance score (0-100),GOV_WGI_GE.SC,41.966637,41.7477907,40.9901078,36.4689862,38.8182807,41.1970738,42.7666301,43.4288001,43.4484327,49.0336069,46.7836577,46.9635849,48.5516052,50.5676507
El Salvador,SLV,Government Effectiveness - Governance score (0-100),GOV_WGI_GE.SC,47.2970654,45.7816782,46.2276637,46.8970397,49.0592944,45.4063483,45.0266455,44.5116454,44.241356,44.6381812,48.5651694,46.5089234,43.813815,49.4975432
Equatorial Guinea,GNQ,Government Effectiveness - Governance score (0-100),GOV_WGI_GE.SC,25.727322,25.6566489,25.6600749,25.0317997,32.3349173,31.9442558,32.4024852,31.795089,32.1944439,31.7102042,30.6835561,31.0877623,28.479032,28.9342709
Eritrea,ERI,Government Effectiveness - Governance score (0-100),GOV_WGI_GE.SC,28.182674,26.1843576,25.5503076,24.2759893,27.0537425,26.5645563,26.7053932,26.5704128,23.6565514,22.8977096,24.1661908,24.2228177,25.2176826,24.5029613
Estonia,EST,Government Effectiveness - Governance score (0-100),GOV_WGI_GE.SC,71.5420317,71.8721426,71.9079021,72.0046205,73.9696507,71.4535945,72.0227229,72.1112768,75.9403274,74.5831698,77.0103901,77.9927973,77.7596927,75.9934621
Eswatini,SWZ,Government Effectiveness - Governance score (0-100),GOV_WGI_GE.SC,46.3681273,44.451888,47.7003071,47.3037114,46.0111935,45.7013588,46.5114453,45.7502683,42.5740624,41.6919027,39.2160684,37.2765527,39.0505843,37.3840626
Ethiopia,ETH,Government Effectiveness - Governance score (0-100),GOV_WGI_GE.SC,42.0603455,41.2894135,43.1496229,41.2145793,42.5630007,41.038014,42.0637249,41.0715491,40.9791219,41.1258037,40.6134168,38.6928804,37.7281615,37.9556857
Fiji,FJI,Government Effectiveness - Governance score (0-100),GOV_WGI_GE.SC,40.7602717,41.1238457,40.0909871,40.0967076,49.4107879,49.3681316,49.3829596,49.3877739,59.7482167,73.0032012,64.0830762,65.55242,61.1111102,61.1284251
Finland,FIN,Government Effectiveness - Governance score (0-100),GOV_WGI_GE.SC,93.0859943,94.8579686,95.538659,94.7555239,91.5426504,88.7404502,89.0248715,92.3694646,93.3360502,93.1277483,92.8616841,93.2627909,88.2297958,86.1002615
France,FRA,Government Effectiveness - Governance score (0-100),GOV_WGI_GE.SC,79.3586094,79.8974363,80.7574861,80.0063772,79.6111153,79.7147617,78.9518133,78.5973333,80.8697481,80.1591081,80.3248197,81.2128456,79.8021859,77.6243079
French Guiana,GUF,Government Effectiveness - Governance score (0-100),GOV_WGI_GE.SC,80.1666038,80.1505508,80.1545932,80.15911,80.3417069,80.3080357,80.319741,80.3235423,80.3444076,80.3647461,80.306661,80.3411294,76.3436353,76.3589474
French Polynesia,PYF,Government Effectiveness - Governance score (0-100),GOV_WGI_GE.SC,..,..,..,..,..,..,..,..,..,..,..,..,..,..
Gabon,GAB,Government Effectiveness - Governance score (0-100),GOV_WGI_GE.SC,40.0367344,35.8753603,32.764772,35.0920871,38.0919377,37.6832127,38.4397523,35.2562918,36.1832563,36.0168291,35.5236452,39.8944703,39.783793,39.983277
"Gambia, The",GMB,Government Effectiveness - Governance score (0-100),GOV_WGI_GE.SC,38.9163914,39.1520957,40.125823,39.4821657,40.8210829,39.0213638,39.4588134,41.1892495,41.5729578,40.9155263,39.9186412,41.3619999,41.5699401,42.2339048
Georgia,GEO,Government Effectiveness - Governance score (0-100),GOV_WGI_GE.SC,55.4596125,61.900975,63.2747144,62.0561499,61.6395054,60.4770505,62.9627954,63.6579094,61.1018024,61.2834309,57.3322836,60.1202955,59.943003,62.7658644
Germany,DEU,Government Effectiveness - Governance score (0-100),GOV_WGI_GE.SC,81.2566005,83.3429828,85.5302347,86.5440284,89.5580615,89.4963851,88.3965749,88.091681,86.3768371,88.0532013,85.9752286,86.8568108,85.9365,81.7001069
Ghana,GHA,Government Effectiveness - Governance score (0-100),GOV_WGI_GE.SC,52.0582273,51.4601817,51.7715972,49.6173125,49.6272154,49.6710927,51.6859949,52.0523183,51.0707258,50.2772134,51.1389276,50.4750116,50.051445,50.9948047
Greece,GRC,Government Effectiveness - Governance score (0-100),GOV_WGI_GE.SC,57.259701,56.315898,55.7531725,59.0507519,56.0998457,54.8741394,52.9718104,56.4412613,57.9494834,60.2647801,62.7489676,62.4764927,62.2992157,56.3540919
Greenland,GRL,Government Effectiveness - Governance score (0-100),GOV_WGI_GE.SC,60.3977228,60.3654943,60.3736122,60.382677,60.7492784,60.6816793,60.7051774,60.7128073,60.7547014,60.7955338,60.6789163,60.7481215,66.4662364,66.4926686
Grenada,GRD,Government Effectiveness - Governance score (0-100),GOV_WGI_GE.SC,62.2611813,62.2453013,62.249301,61.0800679,56.0525307,51.9847503,51.9963292,52.0000877,48.3347558,49.5285739,49.4711149,49.5052139,50.4871096,52.9097782
Guam,GUM,Government Effectiveness - Governance score (0-100),GOV_WGI_GE.SC,45.9071388,45.880798,45.8874323,45.8948404,66.2726692,66.2174152,66.236622,66.2428596,66.2771005,66.3104743,66.2151577,66.2717223,69.868063,69.890828
Guatemala,GTM,Government Effectiveness - Governance score (0-100),GOV_WGI_GE.SC,39.5303208,38.0920971,37.8801126,38.794034,40.2148786,38.6489233,38.2011062,37.764584,36.4630344,36.2144095,36.2431283,36.8656986,34.1479496,34.5626109
Guinea,GIN,Government Effectiveness - Governance score (0-100),GOV_WGI_GE.SC,29.6862509,28.7471183,27.595659,29.7487693,31.8794936,32.9616311,34.2602136,34.0741304,35.0462731,38.1864104,35.5546292,35.6181606,33.3576455,34.3558976
Guinea-Bissau,GNB,Government Effectiveness - Governance score (0-100),GOV_WGI_GE.SC,32.6688858,31.6698229,27.7527609,23.8681179,23.0964586,24.2100157,23.3249881,21.3461643,27.3204445,26.4437564,26.4291034,24.4306703,21.6265568,23.1129238
Guyana,GUY,Government Effectiveness - Governance score (0-100),GOV_WGI_GE.SC,50.5116383,50.4644282,50.9595021,50.8820235,49.4977085,49.0374607,49.0431209,48.2036428,49.6879293,49.6980188,46.1830086,48.5670204,48.828877,49.4414102
Haiti,HTI,Government Effectiveness - Governance score (0-100),GOV_WGI_GE.SC,20.8564123,19.8613548,20.2365991,21.7108836,13.8166815,14.9918469,14.7204045,14.5822061,17.2801048,14.6193481,14.0795218,11.2813601,12.1957638,12.2417295
Honduras,HND,Government Effectiveness - Governance score (0-100),GOV_WGI_GE.SC,39.1786348,39.5962185,37.9599323,35.6870041,39.6550483,40.5381315,42.9545002,43.1871557,41.0906042,41.3748835,40.0142766,38.366425,37.9968603,38.5482305
"Hong Kong SAR, China",HKG,Government Effectiveness - Governance score (0-100),GOV_WGI_GE.SC,82.5654922,82.8937948,87.9288685,84.9973636,87.2393135,87.1331142,88.4228788,88.8012828,89.0713485,88.0664602,82.2846467,82.9288776,83.2935774,81.2341077
Hungary,HUN,Government Effectiveness - Governance score (0-100),GOV_WGI_GE.SC,60.0989829,60.4591445,59.7453351,62.4481433,64.2948896,62.6125464,62.1375212,63.1557792,63.5105529,61.5257209,65.3557593,66.5888485,64.1294133,61.9606214
Iceland,ISL,Government Effectiveness - Governance score (0-100),GOV_WGI_GE.SC,79.0750865,79.0201357,79.9801881,81.0625648,78.5234168,78.4585166,78.2310332,79.8959488,82.1325789,82.0552286,81.745221,86.3507296,83.0927402,83.2339776
India,IND,Government Effectiveness - Governance score (0-100),GOV_WGI_GE.SC,49.1209884,49.9282691,49.6146448,50.199062,51.0781048,59.0568048,58.6538119,58.1999807,61.0922301,61.1691545,58.1320686,56.0073078,57.9369129,59.5575797
Indonesia,IDN,Government Effectiveness - Governance score (0-100),GOV_WGI_GE.SC,46.4184115,44.9745977,46.3417399,48.1635493,57.5456059,50.1223884,53.7163997,54.3846673,56.2687851,57.4126224,55.4967156,54.2003128,55.8672272,56.6528103
"Iran, Islamic Rep.",IRN,Government Effectiveness - Governance score (0-100),GOV_WGI_GE.SC,39.0124079,40.9003892,40.9877064,40.2826079,46.3342811,47.6110494,47.3901809,47.5024565,46.0373048,43.2270684,37.5907798,38.5725219,37.5806922,36.947486
Iraq,IRQ,Government Effectiveness - Governance score (0-100),GOV_WGI_GE.SC,28.4161034,28.306791,29.624732,30.515692,32.6557553,30.3543883,30.1091758,30.1111727,30.4485245,29.8230474,27.6607343,27.4041568,27.5438368,25.2876422
Ireland,IRL,Government Effectiveness - Governance score (0-100),GOV_WGI_GE.SC,71.4472344,75.5249817,78.0174096,77.3952281,79.8861704,78.8130589,78.873907,78.1121019,79.6806257,76.6868572,80.5133684,82.8094272,84.5079207,83.6350611
Israel,ISR,Government Effectiveness - Governance score (0-100),GOV_WGI_GE.SC,76.678016,77.4570971,76.6177279,76.5869577,76.6398455,79.7939299,81.0271611,81.3967141,78.5109493,81.8544555,74.0068471,82.2501258,80.9687007,77.7243629
Italy,ITA,Government Effectiveness - Governance score (0-100),GOV_WGI_GE.SC,57.8767278,56.6892562,59.2562888,60.4696676,58.3178271,58.5385497,59.7770308,58.8834672,59.8004841,60.2576967,61.9905283,62.5163957,65.2987922,67.9329688
Jamaica,JAM,Government Effectiveness - Governance score (0-100),GOV_WGI_GE.SC,54.8124747,54.564122,54.3319818,55.2927692,60.131785,59.7844428,60.577018,60.2784843,61.0608922,61.0939956,58.8600916,57.9444571,56.2887658,54.5486815
Japan,JPN,Government Effectiveness - Governance score (0-100),GOV_WGI_GE.SC,77.2459058,77.2299151,76.899252,79.5585854,85.8180198,84.5129644,86.6068501,84.6386214,86.8238668,87.0499696,86.4392038,83.4821825,90.8264358,90.0027288
Jersey,JEY,Government Effectiveness - Governance score (0-100),GOV_WGI_GE.SC,..,75.8782524,75.8863683,75.8954331,76.2620365,76.1944355,76.2179336,76.2255653,76.2674575,76.3082899,76.1916725,76.2608776,76.2504576,76.2871309
Jordan,JOR,Government Effectiveness - Governance score (0-100),GOV_WGI_GE.SC,52.8175571,53.9652559,55.6249975,56.0296684,58.7454147,58.7699258,58.3898205,56.7296726,53.0879709,51.5567544,53.554851,53.7294447,54.118084,58.9409204
Kazakhstan,KAZ,Government Effectiveness - Governance score (0-100),GOV_WGI_GE.SC,35.9134978,36.7616051,39.2857733,39.8770465,51.2114091,51.1184861,49.2500947,51.5791733,49.3256814,52.4896065,52.3568797,51.6869126,54.4581171,54.2964071
Kenya,KEN,Government Effectiveness - Governance score (0-100),GOV_WGI_GE.SC,41.5896233,41.0169483,42.2287774,43.199384,43.2603488,44.1934926,45.1848965,45.4430061,44.6331802,45.6736783,44.030085,44.5971582,44.8757346,45.2523381
Kiribati,KIR,Government Effectiveness - Governance score (0-100),GOV_WGI_GE.SC,38.3573719,39.0536584,38.0226781,38.0270122,43.3302617,43.2979438,43.3091785,43.3128262,43.3328536,46.0218663,46.3405363,46.3805287,46.3745069,43.4079036
"Korea, Dem. People's Rep.",PRK,Government Effectiveness - Governance score (0-100),GOV_WGI_GE.SC,23.2825962,23.1444795,16.2472345,16.2498284,22.9426739,22.9233388,22.9300606,22.9322422,22.5258797,26.9744984,26.9411442,22.5239975,25.3819029,26.6321106
"Korea, Rep.",KOR,Government Effectiveness - Governance score (0-100),GOV_WGI_GE.SC,76.0784285,77.0671142,77.2653285,75.1378455,74.408685,74.6415719,74.4078722,74.3374479,78.2996628,82.9882538,82.2854536,82.9600367,80.2050057,80.420774
Kosovo,XKX,Government Effectiveness - Governance score (0-100),GOV_WGI_GE.SC,37.4951755,39.2356777,41.6120598,40.6814728,45.6998655,44.7340616,44.5699599,44.6529198,44.9839775,44.9902521,44.1150398,48.2693811,50.8782494,51.5204679
Kuwait,KWT,Government Effectiveness - Governance score (0-100),GOV_WGI_GE.SC,53.848201,51.9908868,51.8888854,51.6614604,54.0802401,55.9637415,51.2857028,51.1983719,53.8322783,49.1573876,49.1596372,51.9172115,57.8274003,57.3510373
Kyrgyz Republic,KGZ,Government Effectiveness - Governance score (0-100),GOV_WGI_GE.SC,36.3737824,34.4286377,33.9830877,34.5690935,34.6294555,33.9397431,33.9067407,37.4590582,40.8044874,38.3049139,39.9413965,34.9636982,31.9268067,31.8166933
Lao PDR,LAO,Government Effectiveness - Governance score (0-100),GOV_WGI_GE.SC,34.6136495,34.9637488,35.0534401,37.6172139,45.970466,44.4577174,46.2407632,46.802184,38.7184124,36.6184038,36.4473703,36.8903673,37.5273689,36.6901055
Latvia,LVA,Government Effectiveness - Governance score (0-100),GOV_WGI_GE.SC,62.2370357,62.4202431,63.1971542,65.060776,68.3450712,66.1498453,64.7237353,64.3896637,66.8588792,67.4626841,66.8280255,68.4428785,65.4871192,63.7345266
Lebanon,LBN,Government Effectiveness - Governance score (0-100),GOV_WGI_GE.SC,46.604833,46.2950042,46.2831045,45.0070557,46.1564695,45.8438018,46.5587818,47.0247091,41.624502,39.2409451,32.8837928,30.7937803,31.0782366,28.6719925
Lesotho,LSO,Government Effectiveness - Governance score (0-100),GOV_WGI_GE.SC,44.4932591,44.0414812,42.7256752,42.547078,41.6414591,40.2583593,39.2668932,39.031953,39.0551361,38.2270795,37.5628193,37.4651208,36.7977885,36.7512861
Liberia,LBR,Government Effectiveness - Governance score (0-100),GOV_WGI_GE.SC,31.4440409,31.938409,34.1994413,29.5010874,29.6599879,27.955667,28.8306674,28.8259308,28.051983,26.3310919,24.5966387,25.5339571,25.4488817,27.7099257
Libya,LBY,Government Effectiveness - Governance score (0-100),GOV_WGI_GE.SC,26.4111877,26.4027567,24.1596226,24.6470959,20.8851563,19.2556541,18.9329553,21.616129,21.172047,21.1293557,19.5931557,22.9726916,20.9355533,23.190418
Liechtenstein,LIE,Government Effectiveness - Governance score (0-100),GOV_WGI_GE.SC,84.6753609,84.6593079,84.6633523,84.6678672,84.850464,84.8167947,84.8284981,84.8322994,84.8531648,84.8735032,84.8154181,80.7714353,80.8446109,84.2785979
Lithuania,LTU,Government Effectiveness - Governance score (0-100),GOV_WGI_GE.SC,62.5650427,62.6075784,65.0568113,65.1204866,66.7899366,68.4405239,67.7749803,66.0837298,68.0850852,67.8873629,69.9897592,70.3703584,69.679071,69.7124583
Luxembourg,LUX,Government Effectiveness - Governance score (0-100),GOV_WGI_GE.SC,87.3191993,89.2339083,88.3510448,87.024776,86.9661503,88.275779,88.1416813,89.1473708,89.1039445,89.8818589,89.8868696,89.2797243,89.5582268,93.0595368
"Macao SAR, China",MAC,Government Effectiveness - Governance score (0-100),GOV_WGI_GE.SC,72.4399994,72.4239464,64.7013844,64.7059012,77.1238596,77.0901903,73.0234405,77.105695,73.0481072,73.0684456,73.0103605,73.0448309,73.0396413,73.057907
Madagascar,MDG,Government Effectiveness - Governance score (0-100),GOV_WGI_GE.SC,38.5761288,36.9150359,33.6671671,33.2273375,32.0469688,31.9055311,35.093734,35.3968099,34.0798431,34.4679496,33.7064168,32.9487125,33.4865068,32.7748557
Malawi,MWI,Government Effectiveness - Governance score (0-100),GOV_WGI_GE.SC,40.7885433,39.9852505,40.1363072,40.2491487,40.7874505,39.9559445,39.499992,40.0975086,39.0186183,38.0011614,36.788255,38.1231395,36.1458285,36.3969461
Malaysia,MYS,Government Effectiveness - Governance score (0-100),GOV_WGI_GE.SC,70.0195183,68.8710281,68.3782913,68.2768986,69.2141509,67.6059224,66.4538797,66.1388399,68.0473561,67.2315239,68.2086053,66.9664999,66.618172,65.8744129
Maldives,MDV,Government Effectiveness - Governance score (0-100),GOV_WGI_GE.SC,51.2285024,49.4525575,50.5952398,49.4607726,47.9981584,46.8270354,50.0486178,45.3213157,45.3455235,51.477378,49.4290244,54.2007347,47.038773,47.0560879
Mali,MLI,Government Effectiveness - Governance score (0-100),GOV_WGI_GE.SC,33.3657731,35.3537589,33.6446198,34.75555,30.9247572,33.0954079,33.2650453,34.3855283,32.304991,30.0408787,29.5164054,28.3756073,27.8906754,27.5043888
Malta,MLT,Government Effectiveness - Governance score (0-100),GOV_WGI_GE.SC,70.5465212,70.556636,72.1816272,74.4396885,72.0387467,70.9586197,72.9304475,71.0115775,71.0561918,70.662952,72.2978247,71.2261967,69.0907066,66.1378522
Marshall Islands,MHL,Government Effectiveness - Governance score (0-100),GOV_WGI_GE.SC,36.2885787,27.3344306,27.3419185,27.9665498,28.3047183,45.1816241,45.1952038,45.1996137,44.8377585,44.8613558,47.1609864,47.2009789,48.1121995,48.1295144
Martinique,MTQ,Government Effectiveness - Governance score (0-100),GOV_WGI_GE.SC,65.9853236,65.9589828,65.9656171,65.9730272,72.9653943,72.9101421,72.9293489,72.9355846,72.9698256,73.0032012,72.9078827,72.9644493,74.9510215,69.890828
Mauritania,MRT,Government Effectiveness - Governance score (0-100),GOV_WGI_GE.SC,41.3195206,41.5159207,38.6936523,35.186725,34.8978977,33.2308783,33.9295544,35.3834265,35.117094,35.3171652,33.8252956,34.8463049,34.2890452,35.4205374
Mauritius,MUS,Government Effectiveness - Governance score (0-100),GOV_WGI_GE.SC,65.5996417,65.8607943,70.5816974,69.3503873,71.8078568,71.9363001,72.739377,71.3453769,69.4936139,68.0541381,67.5162388,65.7050011,65.5727176,67.3580344
Mexico,MEX,Government Effectiveness - Governance score (0-100),GOV_WGI_GE.SC,49.9711645,53.2634999,55.1941472,55.6731428,53.8959477,53.2847969,53.8304719,51.5346523,50.8168666,51.171928,50.4408854,50.4510527,49.640729,49.8847981
"Micronesia, Fed. Sts.",FSM,Government Effectiveness - Governance score (0-100),GOV_WGI_GE.SC,42.8251216,37.9025024,37.9071923,38.2984915,47.9737698,47.9347067,47.9482845,52.6844083,52.7086162,51.3556701,54.0413676,54.0813601,49.6826094,49.6999263
Moldova,MDA,Government Effectiveness - Governance score (0-100),GOV_WGI_GE.SC,39.5938113,40.0762894,40.4034039,41.5935899,42.3200321,39.1125524,39.6467127,43.5127419,47.1483109,46.0297022,46.0479252,47.2544422,48.7390436,50.6857886
Monaco,MCO,Government Effectiveness - Governance score (0-100),GOV_WGI_GE.SC,..,..,..,..,..,86.2956019,86.3148087,86.3210444,86.3552853,86.388661,86.2933425,86.3499091,85.1169463,85.1397113
Mongolia,MNG,Government Effectiveness - Governance score (0-100),GOV_WGI_GE.SC,40.8907936,40.7519827,40.7114186,41.6177432,45.4144662,44.866662,44.3627936,42.6445022,45.5577939,44.7572467,45.2804191,44.4962243,45.5327286,44.2647549
Montenegro,MNE,Government Effectiveness - Governance score (0-100),GOV_WGI_GE.SC,44.7938695,44.8981458,49.5291436,51.1741933,57.41865,57.4437911,56.1982403,56.9180812,55.0439421,55.2321136,53.0983988,50.8616715,51.7162109,56.7205669
Morocco,MAR,Government Effectiveness - Governance score (0-100),GOV_WGI_GE.SC,49.0676398,48.1264617,47.4286781,47.0830645,46.0979352,46.7442758,48.6246078,46.224121,45.1923591,48.7485362,50.2181269,48.9260271,49.0068481,50.9743068
Mozambique,MOZ,Government Effectiveness - Governance score (0-100),GOV_WGI_GE.SC,38.7396608,37.6799209,40.4963872,40.767919,40.2254309,40.0610803,38.0728145,37.926121,37.9801015,38.7009555,35.3508131,35.4238973,36.3553301,36.2136298
Myanmar,MMR,Government Effectiveness - Governance score (0-100),GOV_WGI_GE.SC,25.7402737,25.8502082,21.0906738,21.2302838,26.0569487,26.8902786,28.9339112,27.0022334,25.6752646,25.7175242,25.707738,21.3650756,19.363269,20.5926852
Namibia,NAM,Government Effectiveness - Governance score (0-100),GOV_WGI_GE.SC,56.0309459,55.0228901,59.0771238,57.8626989,57.4938848,57.0330518,55.908958,56.5592477,57.438306,56.9167337,54.2548707,54.4441369,54.5564222,54.3336618
Nauru,NRU,Government Effectiveness - Governance score (0-100),GOV_WGI_GE.SC,45.9361706,45.820226,45.8494289,45.8820424,47.2009633,51.4935243,50.472513,50.4784473,56.8800001,50.5427934,50.4520871,50.5059159,50.4978097,50.526336
Nepal,NPL,Government Effectiveness - Governance score (0-100),GOV_WGI_GE.SC,37.8746994,35.8569059,29.7673402,30.889301,33.9323368,28.7198131,32.24893,33.3015495,33.5608919,29.725032,31.3834164,32.9449151,32.7808542,34.9287923
Netherlands,NLD,Government Effectiveness - Governance score (0-100),GOV_WGI_GE.SC,85.099748,87.3846556,88.6857153,88.0978759,88.612248,88.8292083,89.4892666,90.3198724,90.8032877,91.4720745,91.0015797,87.3814124,85.6594208,85.3894503
Netherlands Antilles,ANT,Government Effectiveness - Governance score (0-100),GOV_WGI_GE.SC,65.9853236,65.9589828,65.9656171,65.9730272,66.2726692,66.2174152,66.236622,66.2428596,..,..,..,..,..,..
New Caledonia,NCL,Government Effectiveness - Governance score (0-100),GOV_WGI_GE.SC,..,..,..,..,..,..,..,..,..,..,..,..,..,..
New Zealand,NZL,Government Effectiveness - Governance score (0-100),GOV_WGI_GE.SC,86.5023949,89.5047285,89.6998415,88.9729832,90.8814351,89.258822,86.779933,86.0992134,84.4641774,84.0805878,84.2310864,82.5086321,83.5496532,84.9223349
Nicaragua,NIC,Government Effectiveness - Governance score (0-100),GOV_WGI_GE.SC,35.4785214,35.7622252,36.6817835,37.0573739,36.5433032,36.6623686,36.056526,41.6630439,36.3551589,36.8803361,35.8205845,36.6591506,33.4313286,33.1258883
Niger,NER,Government Effectiveness - Governance score (0-100),GOV_WGI_GE.SC,37.0491102,37.8143043,39.8709936,38.945293,39.8920029,39.8518529,40.3343135,38.6065315,39.4263789,38.4169834,38.558355,38.9059363,38.7999217,39.4498983
Nigeria,NGA,Government Effectiveness - Governance score (0-100),GOV_WGI_GE.SC,29.2210274,29.5352331,32.4814474,32.2468183,30.8288399,33.5709036,33.4681925,34.6017808,34.8939836,32.5216168,32.2041115,30.9230481,30.7911243,34.4678426
Niue,NIU,Government Effectiveness - Governance score (0-100),GOV_WGI_GE.SC,39.2153626,39.1595097,39.1735774,39.1892882,39.8246138,39.7074636,..,..,..,..,..,..,25.5271711,25.6591144
North Macedonia,MKD,Government Effectiveness - Governance score (0-100),GOV_WGI_GE.SC,41.1732977,44.4563271,49.474154,49.7245968,54.0746013,49.9349423,48.971073,49.4017192,51.9896735,49.0421098,49.5459238,49.8085522,51.5563966,51.7750718
Norway,NOR,Government Effectiveness - Governance score (0-100),GOV_WGI_GE.SC,85.9512775,86.591153,89.2646824,88.9471751,89.3339128,88.8100598,89.458967,91.4668285,89.0113774,89.1522784,89.2537957,90.0666199,86.7536233,86.087267
Oman,OMN,Government Effectiveness - Governance score (0-100),GOV_WGI_GE.SC,57.5486916,52.9131147,52.3337316,51.050924,54.0383946,52.9066438,54.4782689,53.4953095,53.5065773,55.3079939,53.3201442,53.3387599,60.0293791,60.5179762
Pakistan,PAK,Government Effectiveness - Governance score (0-100),GOV_WGI_GE.SC,36.22957,35.2850418,38.7006114,38.5071064,38.0755445,39.4682574,41.026367,43.1480596,41.4757961,41.6806369,39.3830517,41.2872377,38.0780236,38.5358563
Palau,PLW,Government Effectiveness - Governance score (0-100),GOV_WGI_GE.SC,41.1290275,45.820226,45.8494289,45.8820424,47.2009633,45.1245636,45.142841,45.1487753,51.5503203,51.5820821,50.9717305,51.0255593,50.4978097,50.526336
Panama,PAN,Government Effectiveness - Governance score (0-100),GOV_WGI_GE.SC,53.721251,53.7761823,55.8430758,55.5098189,55.7389103,57.5817581,59.066869,58.0172633,57.6756338,61.0079753,55.8409117,55.4272518,52.1167285,51.9467897
Papua New Guinea,PNG,Government Effectiveness - Governance score (0-100),GOV_WGI_GE.SC,38.0060321,38.0542669,38.5512871,38.3866682,37.072968,37.0560828,35.447969,37.4952571,37.7947475,37.2099103,34.1121999,33.6827767,30.2527252,30.2610764
Paraguay,PRY,Government Effectiveness - Governance score (0-100),GOV_WGI_GE.SC,36.420242,36.7122348,36.4824628,36.5389885,36.9819642,36.0687116,38.1443957,38.8443202,41.6272611,42.2719023,39.5287497,40.1212829,41.7004406,44.7713941
Peru,PER,Government Effectiveness - Governance score (0-100),GOV_WGI_GE.SC,47.4948266,48.1723049,49.204691,49.2958115,47.4749568,46.5035997,48.0215612,49.9120761,48.2135515,52.2664708,49.2735889,50.2448974,49.6189517,47.5089547
Philippines,PHL,Government Effectiveness - Governance score (0-100),GOV_WGI_GE.SC,51.2799648,52.8918663,55.6852603,56.0614632,60.1755923,59.274047,56.2005872,54.7710745,55.5875464,54.875588,54.8698093,54.3791841,52.0364364,53.3201947
Poland,POL,Government Effectiveness - Governance score (0-100),GOV_WGI_GE.SC,61.9844209,62.5902655,63.0116543,64.0632258,69.011587,68.2915982,65.9236394,63.461552,64.7981864,64.234619,64.4958416,62.7886528,61.3624514,63.6700055
Portugal,PRT,Government Effectiveness - Governance score (0-100),GOV_WGI_GE.SC,65.6166708,68.0243655,69.0760206,69.1208449,69.4932212,72.9656451,72.6031483,75.2574904,71.9545074,71.0506386,72.704298,74.0464254,71.2121173,70.1204736
Puerto Rico (US),PRI,Government Effectiveness - Governance score (0-100),GOV_WGI_GE.SC,55.3349316,55.3515912,56.1920571,55.418957,58.3470086,57.5577584,57.5664771,41.847206,44.9006424,46.9040804,43.698022,43.7247381,40.6780488,45.3536609
Qatar,QAT,Government Effectiveness - Governance score (0-100),GOV_WGI_GE.SC,70.0924275,70.9408518,70.2942915,73.5009934,70.454238,71.4469466,71.3532322,70.2034412,67.0161522,69.663893,70.089857,73.268826,74.4612461,73.631595
Reunion,REU,Government Effectiveness - Governance score (0-100),GOV_WGI_GE.SC,55.9462322,55.9198894,55.9265237,55.9339338,72.9653943,72.9101421,72.9293489,72.9355846,72.9698256,73.0032012,72.9078827,72.9644493,72.9559309,66.2931807
Romania,ROU,Government Effectiveness - Governance score (0-100),GOV_WGI_GE.SC,46.9432834,47.8694759,47.638551,50.4486805,50.3717113,51.1153654,49.0223916,49.0059945,49.355108,48.5141794,46.4798604,49.8294468,55.2104413,53.9057495
Russian Federation,RUS,Government Effectiveness - Governance score (0-100),GOV_WGI_GE.SC,35.6283415,35.6187517,35.1716326,36.98092,47.4684664,45.0710518,44.9980608,47.1232942,48.1709302,52.1461979,50.4999408,49.0645229,47.2828965,47.2868281
Rwanda,RWA,Government Effectiveness - Governance score (0-100),GOV_WGI_GE.SC,48.7558083,49.0139879,49.5913373,51.1605222,50.5563848,50.3756701,53.6784936,57.4987691,56.7310978,55.7922219,56.4078546,55.4292332,58.5045849,59.2865923
Samoa,WSM,Government Effectiveness - Governance score (0-100),GOV_WGI_GE.SC,50.169023,50.5198728,50.5237519,51.6668892,63.5856826,63.5533667,67.3852444,67.3896543,67.4138621,62.7057435,61.261815,61.3018055,55.5821312,59.4983921
San Marino,SMR,Government Effectiveness - Governance score (0-100),GOV_WGI_GE.SC,..,..,..,..,..,79.6028749,79.6220817,79.6283194,79.6625603,79.695934,79.6006175,79.6571821,73.8781316,68.8179323
Sao Tome and Principe,STP,Government Effectiveness - Governance score (0-100),GOV_WGI_GE.SC,35.4588946,36.8454691,36.081041,34.9352711,37.0540723,38.5418684,39.741267,40.7292235,43.9278328,42.4090624,41.8378146,39.8252788,38.6919666,38.1821735
Saudi Arabia,SAU,Government Effectiveness - Governance score (0-100),GOV_WGI_GE.SC,53.073876,51.5118931,51.2044443,49.8606797,52.8043993,52.9975543,56.8213355,54.7809656,56.5030836,56.4333535,53.4389277,58.8939981,61.3410999,65.4540371
Senegal,SEN,Government Effectiveness - Governance score (0-100),GOV_WGI_GE.SC,45.788363,46.4693043,46.6746915,47.8301601,48.9253115,48.1766856,47.7480792,50.7623495,49.6678242,53.7598532,52.997811,53.8862413,53.6808016,54.28861
Serbia,SRB,Government Effectiveness - Governance score (0-100),GOV_WGI_GE.SC,46.8152212,45.7020802,45.6508238,46.5369286,53.3985172,50.5063767,52.4828166,53.5512889,54.1095364,52.6343108,52.2674644,52.5624827,54.8176118,53.3537882
Seychelles,SYC,Government Effectiveness - Governance score (0-100),GOV_WGI_GE.SC,62.9966319,62.9830269,65.153802,63.7929812,62.4827984,64.1264286,67.1504773,63.3720998,63.9890235,62.2651148,60.9952394,62.2528806,59.3334232,61.6339366
Sierra Leone,SLE,Government Effectiveness - Governance score (0-100),GOV_WGI_GE.SC,29.1135234,29.3026709,29.9020484,29.7841088,30.9604681,28.950985,31.0381897,31.5694665,32.3906127,31.0425355,32.7329169,31.6595778,32.7063428,32.7813461
Singapore,SGP,Government Effectiveness - Governance score (0-100),GOV_WGI_GE.SC,93.6769719,92.7010182,94.9863419,93.6220464,93.3818933,93.8738309,95.0042168,94.4261072,94.4482054,94.9771682,94.4177755,94.4686196,94.1426523,95.3284225
Slovak Republic,SVK,Government Effectiveness - Governance score (0-100),GOV_WGI_GE.SC,60.3353716,60.6032227,61.430173,60.4719231,65.2069308,63.8746246,65.5394255,62.4352091,61.6389123,59.8649255,64.9044752,65.6644156,66.8181382,62.7084734
Slovenia,SVN,Government Effectiveness - Governance score (0-100),GOV_WGI_GE.SC,66.7615716,67.4058609,68.0873096,67.4943545,71.3685561,71.2158233,74.67346,75.4494767,76.6205375,76.0758989,77.9872169,77.47504,75.802794,73.9433915
Solomon Islands,SLB,Government Effectiveness - Governance score (0-100),GOV_WGI_GE.SC,33.597643,34.591771,35.6728741,34.5384069,34.1642807,34.1319647,34.1431975,30.2323343,29.9329761,32.4288124,32.3614233,29.5707573,33.6434745,33.6582675
"Somalia, Fed. Rep.",SOM,Government Effectiveness - Governance score (0-100),GOV_WGI_GE.SC,10.8098893,10.6819243,11.1874825,10.6955099,8.4537913,11.4613962,12.9063358,12.43294,11.8103814,12.2348482,13.6404214,13.161278,13.508484,15.0705194
South Africa,ZAF,Government Effectiveness - Governance score (0-100),GOV_WGI_GE.SC,56.6288359,57.2747409,57.4905229,57.8248395,57.784499,56.0942459,55.2548767,55.6720559,54.2202351,55.0228162,53.1939817,52.1589454,51.3101517,47.7497513
South Sudan,SSD,Government Effectiveness - Governance score (0-100),GOV_WGI_GE.SC,..,20.6906617,22.2859444,19.1508295,15.7557228,12.8069807,11.4218237,9.7648452,10.9648523,10.6087176,9.2813794,7.7355934,8.235468,8.4465115
Spain,ESP,Government Effectiveness - Governance score (0-100),GOV_WGI_GE.SC,66.8234911,68.373687,68.890859,71.2501964,71.1855431,72.1152492,71.8350998,71.1731923,72.1501162,73.0905204,71.7138819,73.1230736,73.5436342,72.3009649
Sri Lanka,LKA,Government Effectiveness - Governance score (0-100),GOV_WGI_GE.SC,47.7331656,48.1592055,47.9577187,48.5462523,54.0569792,53.0872671,50.6200095,49.9814465,49.4433819,49.9535152,49.1348325,46.7645248,41.5449098,45.8075951
St. Kitts and Nevis,KNA,Government Effectiveness - Governance score (0-100),GOV_WGI_GE.SC,76.0244169,75.9980761,76.0047104,76.0121205,59.5799423,66.2174152,66.236622,66.2428596,66.2771005,66.3104743,66.2151577,59.5789973,64.7851045,64.8078696
St. Lucia,LCA,Government Effectiveness - Governance score (0-100),GOV_WGI_GE.SC,72.0800264,72.0607087,67.4873897,67.491856,56.4126106,54.0319062,55.2171825,55.220943,55.2415828,57.1924772,53.6423161,48.7756878,54.8914077,58.8922909
St. Vincent and the Grenadines,VCT,Government Effectiveness - Governance score (0-100),GOV_WGI_GE.SC,70.6521645,70.6328469,70.6377117,70.6431464,57.1647519,57.1242325,62.0464279,62.0510011,62.0761111,62.1005873,57.1225759,57.1640578,61.698763,57.7335517
Sudan,SDN,Government Effectiveness - Governance score (0-100),GOV_WGI_GE.SC,25.7057645,25.6491299,25.7528404,25.8422537,25.8815909,26.1909997,26.5963122,27.1943753,22.3317137,23.7455895,23.5485827,23.2904788,21.4739485,16.8737656
Suriname,SUR,Government Effectiveness - Governance score (0-100),GOV_WGI_GE.SC,50.0118122,49.2552668,51.3128816,51.1241716,50.0904536,50.072217,50.6703112,48.86759,48.8805183,48.6264355,48.5825543,45.5274846,44.1239744,44.136018
Sweden,SWE,Government Effectiveness - Governance score (0-100),GOV_WGI_GE.SC,89.1761479,89.9131035,90.2247989,89.1206664,88.6060706,86.9421622,86.5662432,87.8289379,88.642499,88.1363537,89.8547462,89.5832785,88.5743205,84.2596283
Switzerland,CHE,Government Effectiveness - Governance score (0-100),GOV_WGI_GE.SC,86.2603227,87.1610319,89.0475918,88.0028763,92.1264669,90.9279414,91.9981422,92.0825467,92.4115084,91.3100572,89.4428946,91.7851193,90.7446251,91.0245042
Syrian Arab Republic,SYR,Government Effectiveness - Governance score (0-100),GOV_WGI_GE.SC,37.8431962,37.9439512,33.2996984,29.2645568,31.5785352,27.1159673,22.7390037,22.7411231,22.7527564,20.4407322,22.6938196,21.6579239,19.9404842,19.9499281
"Taiwan, China",TWN,Government Effectiveness - Governance score (0-100),GOV_WGI_GE.SC,75.4369023,75.9638741,76.7699629,75.9864583,77.6869662,77.9530673,77.7509526,76.2741054,79.3247866,80.6800192,81.6447343,79.655191,80.0754657,80.9316501
Tajikistan,TJK,Government Effectiveness - Governance score (0-100),GOV_WGI_GE.SC,31.2450663,30.5650798,31.9722727,31.7987912,37.6333349,37.0338583,36.1671178,37.7511074,37.9433582,36.2561403,36.4857236,35.2353234,35.8259238,36.4005316
Tanzania,TZA,Government Effectiveness - Governance score (0-100),GOV_WGI_GE.SC,42.533823,41.7713471,39.6484529,40.2125686,41.9613677,43.8155825,44.5046552,44.388308,42.2802282,41.426521,41.8444761,41.8743343,43.0330171,43.4631091
Thailand,THA,Government Effectiveness - Governance score (0-100),GOV_WGI_GE.SC,54.0252135,53.713907,54.8456403,54.254093,53.8461108,52.6510813,53.1751287,54.3886359,54.7516616,54.0667732,53.6186352,55.3968725,55.7638453,57.278445
Timor-Leste,TLS,Government Effectiveness - Governance score (0-100),GOV_WGI_GE.SC,25.6604677,26.6497794,26.8889797,25.4567391,32.1105002,32.090957,32.0977508,32.0999557,32.3196926,37.3865145,37.347539,37.1147338,36.5587787,34.7149314
Togo,TGO,Government Effectiveness - Governance score (0-100),GOV_WGI_GE.SC,24.9789334,25.015037,27.5056274,26.8797516,30.1819081,30.1761041,32.7136809,32.2214828,33.052911,35.1629664,34.1733493,34.287828,32.5101273,33.4969833
Tonga,TON,Government Effectiveness - Governance score (0-100),GOV_WGI_GE.SC,46.247205,45.2222601,45.2261411,45.2304733,49.0008574,48.9254515,48.9366863,52.8548488,55.3405159,55.3600358,52.7072979,52.7403819,46.5865692,48.5443896
Trinidad and Tobago,TTO,Government Effectiveness - Governance score (0-100),GOV_WGI_GE.SC,56.1182631,56.9835726,57.79999,57.0339306,57.7974837,57.4099527,57.4444133,57.7224862,58.5127067,56.9038346,58.0585352,57.7989848,54.2714195,54.2803521
Tunisia,TUN,Government Effectiveness - Governance score (0-100),GOV_WGI_GE.SC,58.1843458,54.12445,53.9023545,50.1357795,51.1111655,51.0695475,50.2261845,52.3589057,53.3457442,52.4136018,50.7034788,51.05841,48.3762785,48.0648067
Turkiye,TUR,Government Effectiveness - Governance score (0-100),GOV_WGI_GE.SC,56.4736084,57.6042976,58.8220358,57.1877853,60.6603143,57.8182771,55.4087042,56.9298118,52.2695935,55.4219261,52.7193901,51.8281987,50.8583854,49.1222075
Turkmenistan,TKM,Government Effectiveness - Governance score (0-100),GOV_WGI_GE.SC,18.0588494,18.0458803,25.6650331,25.2718284,39.5058232,39.4451462,35.8218153,34.0677197,33.4162634,35.3619409,32.1555481,32.1822681,41.89442,41.9067358
Tuvalu,TUV,Government Effectiveness - Governance score (0-100),GOV_WGI_GE.SC,44.3840537,44.3589884,40.0558596,40.0610978,35.5412284,32.1469889,32.1605666,36.8966943,40.2760767,40.299672,40.2322829,43.0253561,43.4053953,39.8572544
Uganda,UGA,Government Effectiveness - Governance score (0-100),GOV_WGI_GE.SC,42.6276598,42.0579617,41.3771021,42.0634196,45.3640692,45.4117071,43.9804114,44.2525868,41.6890095,41.2885677,40.1302213,40.2816746,41.3273449,42.9488536
Ukraine,UKR,Government Effectiveness - Governance score (0-100),GOV_WGI_GE.SC,35.5721055,35.2979254,37.8091089,36.9490299,41.2156954,40.5690047,41.3103761,41.9349724,44.2785291,44.0890082,43.8988087,43.4683901,38.9508053,40.0563826
United Arab Emirates,ARE,Government Effectiveness - Governance score (0-100),GOV_WGI_GE.SC,67.5228828,70.6448963,73.8196342,74.5237897,78.873242,78.6403765,78.783119,78.1385983,78.7848806,78.5272687,70.8554731,72.231295,73.3741309,76.8137703
United Kingdom,GBR,Government Effectiveness - Governance score (0-100),GOV_WGI_GE.SC,80.1316434,79.887339,80.6579094,79.4652327,83.5843317,83.1560518,83.4783092,81.7911302,80.9891227,78.4973891,78.0332564,77.1809881,76.4866596,73.4657181
United States,USA,Government Effectiveness - Governance score (0-100),GOV_WGI_GE.SC,79.1364129,79.6872017,81.0674724,81.5277163,82.4573621,81.921098,82.2968867,82.4298488,83.2803088,81.4636929,78.6145996,79.3938712,79.9489163,77.7556405
Uruguay,URY,Government Effectiveness - Governance score (0-100),GOV_WGI_GE.SC,64.1740801,62.9792159,60.8927014,60.7534181,64.3057238,63.6979874,62.8174455,60.8641479,61.8662013,64.7176785,66.2962276,67.4225536,68.827629,67.9453819
Uzbekistan,UZB,Government Effectiveness - Governance score (0-100),GOV_WGI_GE.SC,28.9990778,29.5025944,29.0640209,29.7826135,38.1999687,39.3387622,39.7336021,41.2569478,40.8414796,41.6021647,38.5718239,45.4383298,43.8923747,45.5349919
Vanuatu,VUT,Government Effectiveness - Governance score (0-100),GOV_WGI_GE.SC,53.4456553,53.4270319,53.0456607,53.050899,41.8195197,37.0307939,37.0420267,37.0456744,42.8336439,37.7998477,36.6052946,35.7406929,35.7357114,34.9445595
"Venezuela, RB",VEN,Government Effectiveness - Governance score (0-100),GOV_WGI_GE.SC,30.9776838,30.0219247,33.3372857,32.8062364,31.7491156,31.5085445,30.4424425,28.1577973,20.3087248,20.2793254,20.9661193,21.7886363,22.1442675,23.4884579
Viet Nam,VNM,Government Effectiveness - Governance score (0-100),GOV_WGI_GE.SC,44.393486,44.713939,44.8283573,45.0931207,52.921779,53.278707,52.3972727,52.7084431,51.6994735,52.136435,52.6620263,52.2784619,49.331569,47.8521338
Virgin Islands (U.S.),VIR,Government Effectiveness - Governance score (0-100),GOV_WGI_GE.SC,76.0244169,75.9980761,76.0047104,76.0121205,79.658129,79.6028749,79.6220817,66.2428596,66.2771005,66.3104743,59.5224308,59.5789973,58.6292483,58.6520134
West Bank and Gaza,PSE,Government Effectiveness - Governance score (0-100),GOV_WGI_GE.SC,48.6722709,42.561906,42.1441162,42.2662888,46.054225,46.4789971,45.3362157,48.6283333,42.2874381,42.6448969,42.5948461,39.1102794,37.4267053,31.079971
"Yemen, Rep.",YEM,Government Effectiveness - Governance score (0-100),GOV_WGI_GE.SC,31.2432639,28.6100244,28.1381472,29.6142303,23.7781582,21.0703626,19.3114526,17.5936979,13.7018587,13.13337,12.3760079,12.8678677,16.3549894,14.6331553
Zambia,ZMB,Government Effectiveness - Governance score (0-100),GOV_WGI_GE.SC,37.3534908,41.4064665,41.6129795,41.0112337,42.6637265,41.0407283,41.0620351,42.3325326,41.5797263,39.2906596,37.061776,37.2110769,39.8696364,40.3969835
Zimbabwe,ZWE,Government Effectiveness - Governance score (0-100),GOV_WGI_GE.SC,22.8453877,24.632719,24.9430514,26.1119364,27.9891204,33.0382075,33.5775671,32.7046939,30.9765172,29.8556453,29.4604553,29.9618602,29.9566706,32.1204614
,,,,,,,,,,,,,,,,,
,,,,,,,,,,,,,,,,,
,,,,,,,,,,,,,,,,,
Data from database: Worldwide Governance Indicators,,,,,,,,,,,,,,,,,
Last Updated: 03/18/2026,,,,,,,,,,,,,,,,,
